location,count,mean,median,std,q25,q75,min,max,IQR,CV,range,level
Adalar,42,52553.57142857143,38750.0,43362.53636613672,35000.0,48000.0,15000,200000,13000.0,82.51111235146641,185000,district
Arnavutköy,51,19352.941176470587,18000.0,7726.120706827624,15000.0,21000.0,9500,60000,6000.0,39.92220426020353,50500,district
Ataşehir,184,33584.885869565216,27500.0,19574.875523001454,22500.0,36000.0,12500,165000,13500.0,58.2847760716683,152500,district
Avcılar,209,19522.71770334928,18000.0,6488.600817507878,15000.0,25000.0,9000,45000,10000.0,33.23615551944751,36000,district
Bahçelievler,208,30982.6875,25750.0,18350.469680135768,18975.0,36250.0,10000,120000,17275.0,59.22814049018752,110000,district
Bakırköy,255,66732.94117647059,60000.0,38131.982943523755,35000.0,86250.0,12400,205000,51250.0,57.141169370440906,192600,district
Bayrampaşa,53,21816.037735849055,20000.0,7771.927871815492,16000.0,25000.0,12000,57000,9000.0,35.62483694756507,45000,district
Bağcılar,156,20519.23076923077,18000.0,8762.15922265603,15000.0,24000.0,9000,55000,9000.0,42.70218177864232,46000,district
Başakşehir,152,29608.552631578947,25000.0,15837.352921499398,20000.0,35000.0,10000,120000,15000.0,53.489115522006635,110000,district
Beykoz,248,39006.89919354839,28000.0,34350.889970525146,20000.0,40500.0,9000,240000,20500.0,88.06362638588476,231000,district
Beylikdüzü,212,28072.169811320753,25000.0,12733.089482975216,20000.0,35000.0,12000,130000,15000.0,45.3584085895644,118000,district
Beyoğlu,278,39321.0071942446,32000.0,25922.892320771538,20250.0,50000.0,11000,230000,29750.0,65.9263181960554,219000,district
Beşiktaş,478,84297.7489539749,60000.0,59560.0345317673,40000.0,120000.0,13000,240000,80000.0,70.65435942338868,227000,district
Büyükçekmece,83,25117.469879518074,23000.0,9750.651740990532,18000.0,30000.0,10000,55000,12000.0,38.82019880092165,45000,district
Esenler,99,18209.59595959596,17000.0,6583.617100105369,15000.0,20000.0,9000,45000,5000.0,36.154657767878604,36000,district
Esenyurt,389,16516.580976863752,15000.0,5822.150546962252,13000.0,19000.0,9000,55000,6000.0,35.25033755544115,46000,district
Eyüpsultan,215,46777.90697674418,30000.0,37917.96405314018,23000.0,60000.0,12000,240000,37000.0,81.05955675184707,228000,district
Fatih,325,20817.69230769231,18000.0,14463.364293799583,15000.0,22500.0,9000,180000,7500.0,69.47630928551696,171000,district
Gaziosmanpaşa,100,27493.98,25000.0,12057.817941681962,19000.0,32000.0,12000,80000,13000.0,43.85621122035428,68000,district
Güngören,76,23513.157894736843,22750.0,7062.565012897475,18000.0,28000.0,11000,45000,10000.0,30.036650306670847,34000,district
Kadıköy,304,57932.82236842105,53000.0,31024.811198496212,36000.0,70000.0,9500,190000,34000.0,53.5530808445606,180500,district
Kartal,115,32961.65217391304,28000.0,19781.96635474876,23000.0,35000.0,12000,150000,12000.0,60.015093449729676,138000,district
Kağıthane,623,32634.243980738363,25000.0,24148.50282108321,20000.0,35000.0,9000,180000,15000.0,73.99743298890677,171000,district
Küçükçekmece,267,23402.61797752809,20000.0,11104.123560258153,16000.0,27000.0,9000,100000,11000.0,47.44821101177942,91000,district
Maltepe,267,34566.104868913855,30500.0,15606.310867923094,25000.0,40000.0,10000,145000,15000.0,45.14917410309147,135000,district
Pendik,121,27228.504132231406,25500.0,8645.341515448235,22000.0,33000.0,9500,56000,11000.0,31.75107039837131,46500,district
Sancaktepe,61,27087.70491803279,23000.0,11686.636441315157,20000.0,28550.0,14000,68000,8550.0,43.14369370413196,54000,district
Sarıyer,716,68078.73324022346,60000.0,40101.20999831225,40000.0,85000.0,9500,240000,45000.0,58.90416594094169,230500,district
Silivri,75,22466.666666666668,20000.0,10765.100435545755,16500.0,22750.0,10000,70000,6250.0,47.91587730955084,60000,district
Sultanbeyli,16,22337.5,20000.0,7466.982880208936,16750.0,25375.0,14000,41000,8625.0,33.42801513244068,27000,district
Sultangazi,27,18985.185185185186,17500.0,6232.218008906725,14000.0,23050.0,9000,38000,9050.0,32.82674331652001,29000,district
Tuzla,46,24509.782608695652,22750.0,7221.415831979037,19000.0,27875.0,15000,43000,8875.0,29.463402214824225,28000,district
Zeytinburnu,121,30785.520661157025,23000.0,28652.986673032647,15500.0,32000.0,10000,205000,16500.0,93.07293187730602,195000,district
Çekmeköy,86,31561.03488372093,25000.0,23714.516311098505,20812.5,29875.0,12999,165000,9062.5,75.13858908134337,152001,district
Ümraniye,139,30778.057553956834,26500.0,14154.728706347101,22000.0,35000.0,10000,90000,13000.0,45.98967521433907,80000,district
Üsküdar,279,37327.3476702509,29000.0,25288.492139043406,23000.0,40000.0,9000,150000,17000.0,67.74789455291996,141000,district
Şile,27,37592.59259259259,32000.0,18177.03381755556,27000.0,45000.0,15000,90000,18000.0,48.35270079546799,75000,district
Şişli,799,47008.31914893617,35000.0,34877.9838925366,25000.0,60000.0,10000,240000,35000.0,74.19534355617544,230000,district
100. Yıl Mah.,9,16666.666666666668,16000.0,4493.050188902857,13000.0,20000.0,10000,23500,7000.0,26.95830113341714,13500,neighborhood
15 Temmuz Mah.,24,26437.5,27750.0,9973.129660111277,17875.0,35250.0,10000,43000,17375.0,37.72342188221759,33000,neighborhood
19 Mayıs Mah.,40,49237.25,42500.0,21780.958278405495,34750.0,70000.0,11000,105000,35250.0,44.23674814983675,94000,neighborhood
50. Yıl Mah.,1,14000.0,14000.0,,14000.0,14000.0,14000,14000,0.0,,0,neighborhood
75. Yıl Mah.,1,27000.0,27000.0,,27000.0,27000.0,27000,27000,0.0,,0,neighborhood
Abbasağa Mah.,12,32833.333333333336,26000.0,17434.726753514,24500.0,35000.0,19000,80000,10500.0,53.1006906198396,61000,neighborhood
Abdurrahman Nafiz Gürman Mah.,14,26892.85714285714,26000.0,7354.168288038505,20750.0,30000.0,17000,45000,9250.0,27.346176901072795,28000,neighborhood
Abdurrahmangazi Mah.,14,29589.285714285714,23000.0,15574.14250721897,20437.5,32625.0,15000,68000,12187.5,52.6343983345964,53000,neighborhood
Acarlar Mah.,28,104750.0,107500.0,42466.21751027079,75000.0,130000.0,32000,240000,55000.0,40.54054177591483,208000,neighborhood
Acıbadem Mah.,16,53236.875,50000.0,31229.32846300093,32750.0,71725.0,10000,110000,38975.0,58.661084939716936,100000,neighborhood
Adem Yavuz Mah.,1,18000.0,18000.0,,18000.0,18000.0,18000,18000,0.0,,0,neighborhood
Adil Mah.,3,32166.666666666668,33000.0,9278.110439811186,27750.0,37000.0,22500,41000,9250.0,28.84386665226275,18500,neighborhood
Adnan Kahveci Mah.,35,28700.0,25000.0,9537.233536482776,23500.0,29500.0,19000,60000,6000.0,33.230778872762286,41000,neighborhood
Ahmediye Mah.,8,22437.5,20000.0,9514.791116992532,18500.0,22125.0,14000,45000,3625.0,42.40575428186087,31000,neighborhood
Ahmet Yesevi Mah.,1,20000.0,20000.0,,20000.0,20000.0,20000,20000,0.0,,0,neighborhood
Ahmetli Mah.,1,47000.0,47000.0,,47000.0,47000.0,47000,47000,0.0,,0,neighborhood
Akat Mah.,26,104337.69230769231,95000.0,55426.6735287401,57750.0,146750.0,35000,225000,89000.0,53.12238779949876,190000,neighborhood
Akevler Mah.,23,18271.739130434784,18000.0,3936.219520132475,15000.0,21000.0,12500,26000,6000.0,21.542664833562622,13500,neighborhood
Akpınar Mah.,1,19500.0,19500.0,,19500.0,19500.0,19500,19500,0.0,,0,neighborhood
Aksaray Mah.,12,21291.666666666668,19500.0,7575.253771126727,16750.0,21750.0,13000,40000,5000.0,35.5784912929631,27000,neighborhood
Akçaburgaz Mah.,13,16153.846153846154,15000.0,4355.956723196292,13000.0,18000.0,10000,24000,5000.0,26.965446381691333,14000,neighborhood
Akçakese Mah.,1,17000.0,17000.0,,17000.0,17000.0,17000,17000,0.0,,0,neighborhood
Akıncılar Mah.,7,22428.571428571428,23000.0,3408.672412985387,20000.0,24000.0,18000,28000,4000.0,15.197902478278797,10000,neighborhood
Akşemsettin Mah.,30,22783.333333333332,22750.0,5014.948917354808,18875.0,25000.0,16000,37000,6125.0,22.0114802517402,21000,neighborhood
Alemdağ Mah.,2,23000.0,23000.0,7071.067811865475,20500.0,25500.0,18000,28000,5000.0,30.743773095067283,10000,neighborhood
Ali Kuşçu Mah.,4,24750.0,26500.0,6184.658438426491,22750.0,28500.0,16000,30000,5750.0,24.988518943137336,14000,neighborhood
Alibey Mah.,5,17600.0,18000.0,1816.590212458495,17000.0,18000.0,15000,20000,1000.0,10.321535298059631,5000,neighborhood
Alibeyköy Mah.,9,29722.222222222223,30000.0,7673.457137721201,23000.0,35500.0,18500,40000,12500.0,25.81723896803395,21500,neighborhood
Alipaşa Mah.,4,16125.0,15250.0,2719.5281453467865,14375.0,17000.0,14000,20000,2625.0,16.865290823856043,6000,neighborhood
Alkent 2000 Mah.,1,53000.0,53000.0,,53000.0,53000.0,53000,53000,0.0,,0,neighborhood
Altayçeşme Mah.,20,40380.0,37500.0,16254.508686256222,32375.0,43625.0,22000,85000,11250.0,40.25386004521105,63000,neighborhood
Altunizade Mah.,6,65333.333333333336,55500.0,33986.271738257296,39250.0,77000.0,38000,125000,37750.0,52.01980368100606,87000,neighborhood
Altıntepe Mah.,41,36414.634146341465,35000.0,11546.45640392778,30000.0,42000.0,10000,70000,12000.0,31.708286172876015,60000,neighborhood
Altıntepsi Mah.,7,21000.0,20000.0,6557.438524302001,16500.0,25000.0,14000,30000,8500.0,31.22589773477143,16000,neighborhood
Altınşehir Mah.,13,17230.76923076923,15000.0,5085.1720087893145,13000.0,22000.0,12000,25000,9000.0,29.512158979580843,13000,neighborhood
Ambarlı Mah.,19,17552.57894736842,16000.0,4731.428458437254,14500.0,20250.0,10500,27500,5750.0,26.955745207724114,17000,neighborhood
Anadolu Hisarı Mah.,10,64200.0,45000.0,62501.19998848021,23000.0,62500.0,20000,220000,39500.0,97.35389406305329,200000,neighborhood
Anadolu Mah.,9,16000.0,16000.0,2645.751311064591,15000.0,18000.0,11000,20000,3000.0,16.535945694153693,9000,neighborhood
Arap Cami Mah.,1,35000.0,35000.0,,35000.0,35000.0,35000,35000,0.0,,0,neighborhood
Ardıçlı Mah.,3,14333.333333333334,16000.0,3785.9388972001825,13000.0,16500.0,10000,17000,3500.0,26.413527189768715,7000,neighborhood
Armağanevler Mah.,11,26195.454545454544,26000.0,4856.462423691475,23000.0,28500.0,19000,37000,5500.0,18.539332521466676,18000,neighborhood
Arnavutköy Mah.,6,75000.0,82500.0,27928.480087537886,55000.0,98750.0,35000,100000,43750.0,37.23797345005052,65000,neighborhood
Arnavutköy Merkez Mah.,4,19375.0,18000.0,4269.562819149833,16750.0,20625.0,16000,25500,3875.0,22.03645326012817,9500,neighborhood
Asmalı Mescit Mah.,2,52500.0,52500.0,3535.5339059327375,51250.0,53750.0,50000,55000,2500.0,6.734350297014738,5000,neighborhood
Atakent Mah.,45,30627.777777777777,27500.0,10220.109163464513,24000.0,36000.0,16000,70000,12000.0,33.36875837880668,54000,neighborhood
Ataköy 1. Kısım Mah.,1,60000.0,60000.0,,60000.0,60000.0,60000,60000,0.0,,0,neighborhood
Ataköy 2-5-6. Kısım Mah.,3,93333.33333333333,40000.0,92376.04307034012,40000.0,120000.0,40000,200000,80000.0,98.9743318610787,160000,neighborhood
Ataköy 3-4-11. Kısım Mah.,4,48250.0,41000.0,15882.380174268592,39750.0,49500.0,39000,72000,9750.0,32.91685010211107,33000,neighborhood
Ataköy 7-8-9-10. Kısım Mah.,14,41857.142857142855,41000.0,12099.632180405275,32625.0,45000.0,28500,75000,12375.0,28.90697107946653,46500,neighborhood
Atalar Mah.,5,37500.0,28000.0,25228.95162308573,25000.0,32000.0,20500,82000,7000.0,67.2772043282286,61500,neighborhood
Atatürk Mah.,55,37916.72727272727,30000.0,26848.36535851377,20000.0,50000.0,9000,165000,30000.0,70.8087624899664,156000,neighborhood
Atikali Mah.,1,36500.0,36500.0,,36500.0,36500.0,36500,36500,0.0,,0,neighborhood
Ayazağa Mah.,78,58525.64102564102,47500.0,35888.34574027284,32000.0,75000.0,9500,170000,43000.0,61.320722184913066,160500,neighborhood
Aydınevler Mah.,25,28680.0,27500.0,6603.5501815311445,24250.0,30750.0,18750,44000,6500.0,23.024930897946806,25250,neighborhood
Aydınlar Mah.,5,16900.0,15500.0,2219.2341021172147,15500.0,18500.0,15000,20000,3000.0,13.13156273442139,5000,neighborhood
Aydınlı Mah.,7,22857.14285714286,22500.0,4955.756633403603,19500.0,26250.0,16000,30000,6750.0,21.68143527114076,14000,neighborhood
Aydıntepe Mah.,2,32250.0,32250.0,13081.47545195113,27625.0,36875.0,23000,41500,9250.0,40.56271457969343,18500,neighborhood
Ayvansaray Mah.,13,17692.30769230769,18000.0,4639.227941957141,16000.0,18500.0,10000,25000,2500.0,26.22172315019254,15000,neighborhood
Aziz Mahmut Hüdayi Mah.,24,48082.916666666664,36000.0,28859.32529253897,30750.0,48497.5,25000,145000,17747.5,60.01991412585337,120000,neighborhood
Aşağı Dudullu Mah.,5,35900.0,39000.0,11382.003338604325,25000.0,42000.0,23500,50000,17000.0,31.704744675778063,26500,neighborhood
Aşık Veysel Mah.,2,22500.0,22500.0,3535.5339059327375,21250.0,23750.0,20000,25000,2500.0,15.713484026367722,5000,neighborhood
Bahçeköy Merkez Mah.,8,23375.0,21500.0,8210.402808980463,17250.0,30500.0,14000,35000,13250.0,35.124717899381665,21000,neighborhood
Bahçeköy Yeni Mah.,4,41250.0,40000.0,6291.528696058959,38750.0,42500.0,35000,50000,3750.0,15.252190778324751,15000,neighborhood
Bahçelievler Mah.,75,45273.333333333336,40000.0,21690.590395646486,30000.0,59000.0,12000,120000,29000.0,47.91030127149128,108000,neighborhood
Bahçeşehir 1. Kısım Mah.,17,36250.0,30000.0,18756.248958680408,24000.0,39000.0,18000,80000,15000.0,51.74137643773905,62000,neighborhood
Bahçeşehir 2. Kısım Mah.,26,31653.846153846152,25000.0,20718.479302675292,21000.0,32250.0,17500,120000,11250.0,65.45327604733386,102500,neighborhood
Balaban Mah.,3,49166.666666666664,50000.0,3818.8130791298677,47500.0,51250.0,45000,52500,3750.0,7.767077449077697,7500,neighborhood
Balat Mah.,6,18000.0,17000.0,3521.363372331802,15250.0,19500.0,15000,24000,4250.0,19.56312984628779,9000,neighborhood
Balibey Mah.,9,31444.444444444445,29000.0,8486.918037649342,26000.0,32000.0,22000,46000,6000.0,26.99019870630533,24000,neighborhood
Baltalimanı Mah.,1,125000.0,125000.0,,125000.0,125000.0,125000,125000,0.0,,0,neighborhood
Balıkyolu Mah.,7,11071.42857142857,10000.0,1880.349511584026,10000.0,11250.0,10000,15000,1250.0,16.983802040113787,5000,neighborhood
Barbaros Hayrettin Paşa Mah.,19,21052.63157894737,20000.0,7455.226982240389,16500.0,24000.0,12500,45000,7500.0,35.412328165641846,32500,neighborhood
Barbaros Hayrettinpaşa Mah.,4,18750.0,18500.0,5057.996968497839,16000.0,21250.0,13000,25000,5250.0,26.975983831988472,12000,neighborhood
Barbaros Mah.,19,52210.52631578947,40000.0,31669.87518371436,28500.0,62500.0,20000,129000,34000.0,60.65802706558194,109000,neighborhood
Barış Mah.,19,24473.684210526317,24000.0,4886.130269021483,23000.0,25500.0,12500,35000,2500.0,19.964833357292083,22500,neighborhood
Basınköy Mah.,7,64714.28571428572,60000.0,28935.06687806502,47500.0,72500.0,33000,120000,25000.0,44.71202387338965,87000,neighborhood
Battalgazi Mah.,2,12500.0,12500.0,3535.5339059327375,11250.0,13750.0,10000,15000,2500.0,28.284271247461902,5000,neighborhood
Batı Mah.,4,36500.0,35000.0,16901.676445449626,23750.0,47750.0,20000,56000,24000.0,46.30596286424555,36000,neighborhood
Bağlar Mah.,2,17250.0,17250.0,1767.7669529663688,16625.0,17875.0,16000,18500,1250.0,10.247924365022428,2500,neighborhood
Bağlarbaşı Mah.,24,29854.166666666668,27125.0,10908.442249874204,23750.0,33000.0,16000,55000,9250.0,36.539094765803334,39000,neighborhood
Bağlarçeşme Mah.,4,15625.0,15500.0,5121.441854269818,13625.0,17500.0,9500,22000,3875.0,32.777227867326836,12500,neighborhood
Başak Mah.,5,32500.0,25500.0,16628.28914831589,21000.0,36000.0,20000,60000,15000.0,51.163966610202735,40000,neighborhood
Başakşehir Mah.,16,27062.5,25000.0,5470.755584621439,24000.0,30000.0,18000,38000,6000.0,20.215263130240885,20000,neighborhood
Başıbüyük Mah.,7,33500.0,35000.0,10136.567466356646,29250.0,40500.0,15000,45000,11250.0,30.25841034733327,30000,neighborhood
Bebek Mah.,13,111631.15384615384,110000.0,33657.27349287757,85000.0,120000.0,72500,190000,35000.0,30.15043053237884,117500,neighborhood
Bedrettin Mah.,1,14000.0,14000.0,,14000.0,14000.0,14000,14000,0.0,,0,neighborhood
Bereketzade Mah.,3,39666.666666666664,39000.0,10016.652800877811,34500.0,44500.0,30000,50000,10000.0,25.252065884565912,20000,neighborhood
Beylerbeyi Mah.,3,131666.66666666666,135000.0,10408.329997330666,127500.0,137500.0,120000,140000,10000.0,7.9050607574663285,20000,neighborhood
Beştelsiz Mah.,8,21550.0,20500.0,8535.974293708781,15000.0,25175.0,12000,38500,10175.0,39.61008952997114,26500,neighborhood
Beşyol Mah.,5,19000.0,20000.0,1732.0508075688772,19000.0,20000.0,16000,20000,1000.0,9.116056881941459,4000,neighborhood
Birlik Mah.,5,18400.0,20000.0,3209.3613071762425,18000.0,20000.0,13000,21000,2000.0,17.442181017262186,8000,neighborhood
Bostan Mah.,2,21750.0,21750.0,11667.261889578034,17625.0,25875.0,13500,30000,8250.0,53.64258340035878,16500,neighborhood
Bostancı Mah.,22,67545.45454545454,60000.0,30268.209431092917,55000.0,64500.0,35000,150000,9500.0,44.811615577661115,115000,neighborhood
Bozkurt Mah.,21,35223.80952380953,35000.0,10832.446850176777,27000.0,42000.0,15000,60000,15000.0,30.75319505930949,45000,neighborhood
Boğazköy İstiklal Mah.,2,27500.0,27500.0,2121.3203435596424,26750.0,28250.0,26000,29000,1500.0,7.7138921583987,3000,neighborhood
Bulgurlu Mah.,22,26454.545454545456,25500.0,7151.272099472417,20500.0,30000.0,16000,40000,9500.0,27.03230003236996,24000,neighborhood
Burgazada Mah.,9,35055.555555555555,37500.0,7501.8516232846005,30000.0,37500.0,23000,45000,7500.0,21.399893695582062,22000,neighborhood
Burhaniye Mah.,5,25200.0,27000.0,4919.349550499537,25000.0,27000.0,17000,30000,2000.0,19.521228374998163,13000,neighborhood
Bülbül Mah.,1,20000.0,20000.0,,20000.0,20000.0,20000,20000,0.0,,0,neighborhood
Büyük Çavuşlu Mah.,1,14000.0,14000.0,,14000.0,14000.0,14000,14000,0.0,,0,neighborhood
Büyükbakkalköy Mah.,1,17500.0,17500.0,,17500.0,17500.0,17500,17500,0.0,,0,neighborhood
Büyükdere Mah.,13,45576.92307692308,45000.0,23980.761519954343,33500.0,55000.0,12000,90000,21500.0,52.61601683703062,78000,neighborhood
Büyükşehir Mah.,8,24937.5,22500.0,6405.563987659478,22000.0,25250.0,19500,40000,3250.0,25.686472130965328,20500,neighborhood
Caddebostan Mah.,16,93125.0,76500.0,42504.70562184851,65000.0,107500.0,50000,180000,42500.0,45.642636909367525,130000,neighborhood
Caferağa Mah.,24,60520.833333333336,45000.0,39557.19006997191,38750.0,65500.0,28500,190000,26750.0,65.36127791251813,161500,neighborhood
Cami Mah.,2,18500.0,18500.0,707.1067811865476,18250.0,18750.0,18000,19000,500.0,3.8221988172245815,1000,neighborhood
Camiikebir Mah.,2,17000.0,17000.0,4242.640687119285,15500.0,18500.0,14000,20000,3000.0,24.956709924231088,6000,neighborhood
Cankurtaran Mah.,1,20000.0,20000.0,,20000.0,20000.0,20000,20000,0.0,,0,neighborhood
Cebeci Mah.,7,16571.428571428572,16000.0,4747.179613803788,12750.0,18750.0,12000,25000,6000.0,28.64677353157458,13000,neighborhood
Celaliye Mah.,1,38000.0,38000.0,,38000.0,38000.0,38000,38000,0.0,,0,neighborhood
Cennet Mah.,18,24250.0,23750.0,9694.222051122542,16375.0,27750.0,13000,45000,11375.0,39.9761734066909,32000,neighborhood
Cerrahpaşa Mah.,18,20805.555555555555,20000.0,5485.646749603724,18000.0,24000.0,9000,30000,6000.0,26.366259410645405,21000,neighborhood
Cevatpaşa Mah.,10,18895.0,16000.0,6770.378702685528,15312.5,22425.0,12000,34000,7112.5,35.831588794313454,22000,neighborhood
Cevizli Mah.,16,33031.25,30000.0,12450.52709727584,23375.0,36250.0,21000,59000,12875.0,37.69317569657776,38000,neighborhood
Cevizlik Mah.,7,23214.285714285714,23000.0,5353.014282136926,18250.0,27500.0,18000,30000,9250.0,23.059138446128298,12000,neighborhood
Cibali Mah.,2,22000.0,22000.0,5656.85424949238,20000.0,24000.0,18000,26000,4000.0,25.712973861329004,8000,neighborhood
Cihangir Mah.,91,30236.252747252747,23000.0,19587.036189839335,16000.0,35000.0,11000,100000,19000.0,64.7799724177759,89000,neighborhood
Cihannüma Mah.,14,38750.0,30500.0,28208.52980653465,30000.0,34250.0,20000,132000,4250.0,72.79620595234748,112000,neighborhood
Cumhuriyet Mah.,176,35959.65340909091,30000.0,20420.444167529466,21750.0,47500.0,10000,140000,25750.0,56.78709951739135,130000,neighborhood
Davutpaşa Mah.,2,20000.0,20000.0,0.0,20000.0,20000.0,20000,20000,0.0,0.0,0,neighborhood
Defterdar Mah.,1,21000.0,21000.0,,21000.0,21000.0,21000,21000,0.0,,0,neighborhood
Deliklikaya Mah.,2,17250.0,17250.0,353.5533905932738,17125.0,17375.0,17000,17500,250.0,2.0495848730044854,500,neighborhood
Demirciköy Mah.,4,41250.0,40000.0,7500.0,35000.0,46250.0,35000,50000,11250.0,18.181818181818183,15000,neighborhood
Demirkapı Mah.,14,17482.14285714286,16250.0,5880.594133473025,16000.0,18000.0,10000,30000,2000.0,33.63771925173538,20000,neighborhood
Denizköşkler Mah.,35,18757.14285714286,18000.0,5715.525075682574,14500.0,23000.0,10000,33000,8500.0,30.471192330371682,23000,neighborhood
Dereağzı Mah.,7,23000.0,20000.0,6164.414002968976,20000.0,25000.0,16000,35000,5000.0,26.801800012908593,19000,neighborhood
Dereseki Mah.,1,13000.0,13000.0,,13000.0,13000.0,13000,13000,0.0,,0,neighborhood
Derviş Ali Mah.,3,16500.0,16000.0,4769.696007084728,14000.0,18750.0,12000,21500,4750.0,28.907248527786233,9500,neighborhood
Dikilitaş Mah.,39,56769.230769230766,40000.0,40802.93561321134,35000.0,57250.0,13000,150000,22250.0,71.87508983357012,137000,neighborhood
Dizdariye Mah.,2,17500.0,17500.0,707.1067811865476,17250.0,17750.0,17000,18000,500.0,4.040610178208843,1000,neighborhood
Doğu Mah.,5,25600.0,25000.0,5813.776741499453,24000.0,25000.0,19000,35000,1000.0,22.71006539648224,16000,neighborhood
Duatepe Mah.,7,31285.714285714286,33000.0,7134.757312253999,28000.0,35000.0,20000,40000,7000.0,22.805160358802738,20000,neighborhood
Dumlupınar Mah.,12,32329.166666666668,34000.0,7213.007767956864,31500.0,36250.0,15000,40000,4750.0,22.311146595046363,25000,neighborhood
Düğmeciler Mah.,3,37833.333333333336,33000.0,20188.6932051912,26750.0,46500.0,20500,60000,19750.0,53.362184683324756,39500,neighborhood
Ekinoba Mah.,1,18000.0,18000.0,,18000.0,18000.0,18000,18000,0.0,,0,neighborhood
Ekşioğlu Mah.,5,29200.0,25000.0,8843.076387773657,23000.0,33000.0,22000,43000,10000.0,30.284508177307046,21000,neighborhood
Elmalı Mah.,1,23000.0,23000.0,,23000.0,23000.0,23000,23000,0.0,,0,neighborhood
Elmalıkent Mah.,3,19333.333333333332,20000.0,3055.0504633038936,18000.0,21000.0,16000,22000,3000.0,15.801985155020141,6000,neighborhood
Emek Mah.,6,28891.666666666668,23650.0,15737.039641135389,20950.0,27662.5,17000,60000,6712.5,54.46913057214441,43000,neighborhood
Emirgan Mah.,7,138857.14285714287,195000.0,90879.82645858682,56000.0,215000.0,20000,215000,159000.0,65.44843469239791,195000,neighborhood
Emniyet Evleri Mah.,28,77589.28571428571,75000.0,52663.51143351473,27375.0,102500.0,15500,180000,75125.0,67.87472129520886,164500,neighborhood
Emniyettepe Mah.,29,26405.172413793105,26000.0,6169.631049798715,24000.0,30000.0,16000,40000,6000.0,23.365236754053246,24000,neighborhood
Erenköy Mah.,14,60958.57142857143,66000.0,16683.184466882933,55250.0,69500.0,27000,80000,14250.0,27.368069946375883,53000,neighborhood
Ergenekon Mah.,14,34285.71428571428,34000.0,14220.400142744937,25000.0,44750.0,15000,60000,19750.0,41.47616708300607,45000,neighborhood
Esatpaşa Mah.,6,22333.333333333332,23000.0,5776.388721914988,21125.0,24500.0,12500,30000,3375.0,25.864427113052184,17500,neighborhood
Esenevler Mah.,4,34375.0,33000.0,7717.674520216567,31375.0,36000.0,26500,45000,4625.0,22.451416786084557,18500,neighborhood
Esenkent Mah.,6,24833.333333333332,24250.0,5955.389715767279,20625.0,29000.0,17500,33000,8375.0,23.98143509704945,15500,neighborhood
Esenler Mah.,3,24833.333333333332,24000.0,9776.672917374977,19750.0,29500.0,15500,35000,9750.0,39.36915268741602,19500,neighborhood
Esentepe Mah.,24,77760.83333333333,57245.0,56285.23637738382,31500.0,116000.0,22000,200000,84500.0,72.382501530184,178000,neighborhood
Esenyalı Mah.,1,31000.0,31000.0,,31000.0,31000.0,31000,31000,0.0,,0,neighborhood
Esenşehir Mah.,2,28500.0,28500.0,9192.388155425118,25250.0,31750.0,22000,35000,6500.0,32.25399352780743,13000,neighborhood
Eski Habipler Mah.,2,22000.0,22000.0,0.0,22000.0,22000.0,22000,22000,0.0,0.0,0,neighborhood
Eskişehir Mah.,33,21424.242424242424,19000.0,7433.161772717847,17000.0,25000.0,10000,40000,8000.0,34.69509738326577,30000,neighborhood
Etiler Mah.,36,106055.55555555556,75000.0,71218.75533250431,50000.0,130000.0,38000,240000,80000.0,67.15230989968977,202000,neighborhood
Evliya Çelebi Mah.,2,45000.0,45000.0,35355.33905932738,32500.0,57500.0,20000,70000,25000.0,78.56742013183862,50000,neighborhood
Eyüp Sultan Mah.,4,32875.0,30750.0,4802.343178074636,30000.0,33625.0,30000,40000,3625.0,14.607887994143379,10000,neighborhood
Eğitim Mah.,5,29120.0,35000.0,11443.207592279361,19000.0,38500.0,14600,38500,19500.0,39.29672936909121,23900,neighborhood
Fatih Mah.,77,19746.753246753247,18000.0,7634.915199880371,15000.0,24000.0,9000,45000,9000.0,38.664154580124205,36000,neighborhood
Fatih Sultan Mehmet Mah.,4,26875.0,24000.0,15277.297972263726,16625.0,34250.0,12500,47000,17625.0,56.84575989679526,34500,neighborhood
Fener Mah.,1,35000.0,35000.0,,35000.0,35000.0,35000,35000,0.0,,0,neighborhood
Fenerbahçe Mah.,18,79221.66666666667,73500.0,33266.460454585045,56250.0,103750.0,40000,155000,47500.0,41.991619028361406,115000,neighborhood
Feneryolu Mah.,8,47625.0,49750.0,18467.635783406913,37125.0,62000.0,17000,68000,24875.0,38.77718799665494,51000,neighborhood
Ferah Mah.,4,28500.0,28000.0,4123.105625617661,25000.0,31500.0,25000,33000,6500.0,14.467037282868986,8000,neighborhood
Ferahevler Mah.,14,120071.42857142857,145000.0,75586.38897183935,46250.0,180000.0,20000,210000,133750.0,62.9511865321684,190000,neighborhood
Ferhatpaşa Mah.,3,26666.666666666668,25000.0,7637.626158259734,22500.0,30000.0,20000,35000,7500.0,28.641098093474003,15000,neighborhood
Feriköy Mah.,29,38379.31034482759,30000.0,39330.4805400009,20000.0,35000.0,12000,200000,15000.0,102.47834102965194,188000,neighborhood
Fetih Mah.,3,23666.666666666668,25000.0,3214.550253664318,22500.0,25500.0,20000,26000,3000.0,13.582606705623878,6000,neighborhood
Fevzi Çakmak Mah.,39,20285.871794871793,18000.0,7162.582444384469,15000.0,25475.0,10000,35999,10475.0,35.30823085550185,25999,neighborhood
Feyzullah Mah.,12,38833.333333333336,31250.0,16429.371333810752,30000.0,40500.0,25000,75000,10500.0,42.30739399264571,50000,neighborhood
Fikirtepe Mah.,14,44239.28571428572,49500.0,15201.140880405459,36125.0,56187.5,10000,60000,20062.5,34.361180645140294,50000,neighborhood
Finanskent Mah.,6,36666.666666666664,35000.0,5163.977794943223,35000.0,38750.0,30000,45000,3750.0,14.083575804390607,15000,neighborhood
Firuzağa Mah.,16,38500.0,38500.0,13361.636626301935,30000.0,50000.0,15000,60000,20000.0,34.705549678706326,45000,neighborhood
Firuzköy Mah.,9,20250.0,17000.0,9445.56774365628,13000.0,25000.0,10000,35000,12000.0,46.64477898101867,25000,neighborhood
Fulya Mah.,72,63936.375,55000.0,39028.86850201444,32875.0,90000.0,16000,170000,57125.0,61.043292651506185,154000,neighborhood
Fındıklı Mah.,29,23768.96551724138,23500.0,7927.499761151317,18500.0,25000.0,13000,49750,6500.0,33.35231293680374,36750,neighborhood
Garipçe Mah.,1,37000.0,37000.0,,37000.0,37000.0,37000,37000,0.0,,0,neighborhood
Gayrettepe Mah.,40,51847.75,46250.0,16844.295159580794,40750.0,55625.0,17000,100000,14875.0,32.48799641176482,83000,neighborhood
Gazi Mah.,1,24500.0,24500.0,,24500.0,24500.0,24500,24500,0.0,,0,neighborhood
Gençosman Mah.,15,23566.666666666668,25000.0,7027.6664148275595,18000.0,27750.0,14000,35000,9750.0,29.8203666824366,21000,neighborhood
Girne Mah.,8,29812.5,26750.0,9196.029811049671,22000.0,38250.0,20000,42000,16250.0,30.84622158842657,22000,neighborhood
Gökalp Mah.,13,26457.615384615383,25000.0,9004.319551734245,22500.0,30000.0,13000,40000,7500.0,34.032997384072985,27000,neighborhood
Gökevler Mah.,9,19333.333333333332,20000.0,6946.221994724902,17000.0,23000.0,9000,31000,6000.0,35.92873445547363,22000,neighborhood
Göksu Mah.,1,19000.0,19000.0,,19000.0,19000.0,19000,19000,0.0,,0,neighborhood
Göktürk Merkez Mah.,47,88531.91489361702,80000.0,39631.921183412895,61500.0,120000.0,32000,240000,58500.0,44.765688431156114,208000,neighborhood
Göztepe Mah.,49,55195.102040816324,55000.0,29587.110025767488,30000.0,75000.0,9950,107000,45000.0,53.60459340013188,97050,neighborhood
Gülbahar Mah.,68,25705.882352941175,25000.0,9606.525803629704,20000.0,30000.0,10000,70000,10000.0,37.370924178879854,60000,neighborhood
Gülensu Mah.,1,18000.0,18000.0,,18000.0,18000.0,18000,18000,0.0,,0,neighborhood
Güllü Bağlar Mah.,6,23916.666666666668,24000.0,3583.5271265426004,21500.0,26875.0,19000,28000,5375.0,14.983388682408085,9000,neighborhood
Gültepe Mah.,38,20881.57894736842,19500.0,6494.731971797663,15625.0,26000.0,9000,35000,10375.0,31.10268619134357,26000,neighborhood
Gümüşpala Mah.,19,19447.36842105263,18000.0,4985.798545318787,15500.0,22500.0,13000,30000,7000.0,25.63739441435912,17000,neighborhood
Gümüşpınar Mah.,2,27000.0,27000.0,2828.42712474619,26000.0,28000.0,25000,29000,2000.0,10.475656017578482,4000,neighborhood
Gümüşsuyu Mah.,23,49869.565217391304,35000.0,45954.824010133816,24500.0,55000.0,16000,230000,30500.0,92.15003942746974,214000,neighborhood
Gümüşyaka Mah.,2,17000.0,17000.0,4242.640687119285,15500.0,18500.0,14000,20000,3000.0,24.956709924231088,6000,neighborhood
Güneşli Mah.,7,30714.285714285714,30000.0,15445.757623743439,19000.0,40000.0,14000,53000,21000.0,50.288513193583285,39000,neighborhood
Güneştepe Mah.,3,20666.666666666668,21000.0,4509.249752822894,18500.0,23000.0,16000,25000,4500.0,21.81895041688497,9000,neighborhood
Güngören Mah.,3,90000.0,55000.0,65000.0,52500.0,110000.0,50000,165000,57500.0,72.22222222222221,115000,neighborhood
Gürpınar Mah.,14,18642.85714285714,18500.0,3835.2041938847547,15500.0,20000.0,13000,25000,4500.0,20.571976518922057,12000,neighborhood
Gürsel Mah.,27,24033.333333333332,25000.0,4606.350131987531,20700.0,25250.0,10000,35000,4550.0,19.166505403554225,25000,neighborhood
Güven Mah.,6,21000.0,20000.0,4857.983120596447,18500.0,21500.0,16000,30000,3000.0,23.133252955221177,14000,neighborhood
Güvercintepe Mah.,10,16300.0,14500.0,4984.420171338332,12875.0,18875.0,10000,26000,6000.0,30.579264854836392,16000,neighborhood
Güzelce Mah.,4,22000.0,20000.0,7702.813338860896,18750.0,23250.0,15000,33000,4500.0,35.012787903913164,18000,neighborhood
Güzeltepe Mah.,29,44655.1724137931,33000.0,29067.994011662875,24000.0,69000.0,15000,110000,45000.0,65.09434952418714,95000,neighborhood
Güzelyalı Mah.,7,25285.714285714286,26000.0,5430.294212848438,21750.0,28750.0,18000,32000,7000.0,21.475739824824334,14000,neighborhood
Güzelyurt Mah.,20,16000.0,15000.0,3953.679165962815,12875.0,18000.0,12000,27500,5125.0,24.710494787267596,15500,neighborhood
Hacı Kasım Mah.,1,15000.0,15000.0,,15000.0,15000.0,15000,15000,0.0,,0,neighborhood
Hacıahmet Mah.,15,30800.0,22000.0,16498.701247587425,17000.0,43000.0,13000,65000,26000.0,53.56721184281632,52000,neighborhood
Hacımimi Mah.,3,56500.0,35000.0,46628.853728137045,29750.0,72500.0,24500,110000,42750.0,82.52894465156999,85500,neighborhood
Hadımköy Mah.,8,19125.0,21000.0,4801.413482358234,17250.0,22625.0,9500,23000,5375.0,25.10542997311495,13500,neighborhood
Halaskargazi Mah.,12,81583.33333333333,67500.0,44338.487966455454,46000.0,125000.0,30000,145000,79000.0,54.34748269637032,115000,neighborhood
Halide Edip Adıvar Mah.,19,31736.842105263157,30000.0,8124.668234342167,27250.0,36500.0,18000,53000,9250.0,25.600115497927227,35000,neighborhood
Halil Rıfat Paşa Mah.,1,34500.0,34500.0,,34500.0,34500.0,34500,34500,0.0,,0,neighborhood
Halkalı Merkez Mah.,16,31031.1875,25499.5,17383.41439119005,18875.0,37875.0,10000,79000,19000.0,56.01917229622634,69000,neighborhood
Halıcıoğlu Mah.,8,24437.5,22750.0,6635.604719993499,21250.0,26625.0,16000,36500,5375.0,27.153369698183116,20500,neighborhood
Hamidiye Mah.,74,52493.10810810811,42500.0,30745.485599155498,27250.0,78750.0,12000,120000,51500.0,58.570518506612366,108000,neighborhood
Haraççı Mah.,1,17000.0,17000.0,,17000.0,17000.0,17000,17000,0.0,,0,neighborhood
Harbiye Mah.,19,79421.05263157895,38000.0,66598.56170408361,28000.0,115000.0,15000,240000,87000.0,83.85504787127823,225000,neighborhood
Harmandere Mah.,2,31000.0,31000.0,4242.640687119285,29500.0,32500.0,28000,34000,3000.0,13.68593770038479,6000,neighborhood
Harmantepe Mah.,31,20991.935483870966,20000.0,4851.324505984483,17750.0,25000.0,14000,30000,7250.0,23.110420235961428,16000,neighborhood
Hasanpaşa Mah.,8,28550.0,29750.0,6363.287560013972,27000.0,32000.0,14900,36000,5000.0,22.288222627019167,21100,neighborhood
Haseki Sultan Mah.,15,22873.333333333332,22500.0,7066.8710662263165,19000.0,25000.0,14000,40000,6000.0,30.89567647723543,26000,neighborhood
Hastane Mah.,3,16666.666666666668,15500.0,4856.267428111156,14000.0,18750.0,12500,22000,4750.0,29.13760456866693,9500,neighborhood
Havaalanı Mah.,2,19000.0,19000.0,1414.213562373095,18500.0,19500.0,18000,20000,1000.0,7.4432292756478695,2000,neighborhood
Haznedar Mah.,3,23000.0,22500.0,6763.874629234341,19500.0,26250.0,16500,30000,6750.0,29.40815056188844,13500,neighborhood
Hekimbaşı Mah.,1,12500.0,12500.0,,12500.0,12500.0,12500,12500,0.0,,0,neighborhood
Heybeliada Mah.,3,44166.666666666664,42500.0,5204.164998665333,41250.0,46250.0,40000,50000,5000.0,11.783015091317735,10000,neighborhood
Hicret Mah.,1,10500.0,10500.0,,10500.0,10500.0,10500,10500,0.0,,0,neighborhood
Huzur Mah.,87,63956.89655172414,58000.0,29776.0596949007,46000.0,75000.0,15000,190000,29000.0,46.55644864009275,175000,neighborhood
Hürriyet Mah.,53,29471.69811320755,23500.0,22070.56321262546,18000.0,33500.0,9000,150000,15500.0,74.88731435782006,141000,neighborhood
Hüseyinağa Mah.,6,20750.0,20000.0,4730.221982106124,17750.0,23750.0,15000,27500,6000.0,22.796250516174094,12500,neighborhood
Hırka-i Şerif Mah.,8,20312.5,18000.0,6797.780625216691,16375.0,21250.0,14000,35000,4875.0,33.46599692414371,21000,neighborhood
Ihlamurkuyu Mah.,3,19333.333333333332,20000.0,3055.0504633038936,18000.0,21000.0,16000,22000,3000.0,15.801985155020141,6000,neighborhood
Kadıköy Mah.,1,12000.0,12000.0,,12000.0,12000.0,12000,12000,0.0,,0,neighborhood
Kadımehmet Efendi Mah.,1,16000.0,16000.0,,16000.0,16000.0,16000,16000,0.0,,0,neighborhood
Kalyoncu Kulluğu Mah.,8,20625.0,20250.0,5047.984038915224,17000.0,23500.0,13500,29000,6500.0,24.475074128073814,15500,neighborhood
Kamer Hatun Mah.,8,25750.0,20000.0,16630.436812406,14375.0,29250.0,12000,57500,14875.0,64.5842206307029,45500,neighborhood
Kamiloba Mah.,2,15000.0,15000.0,0.0,15000.0,15000.0,15000,15000,0.0,0.0,0,neighborhood
Kanarya Mah.,15,15166.666666666666,15000.0,4542.13081944503,11250.0,18500.0,10000,24000,7250.0,29.948115293044157,14000,neighborhood
Kandilli Mah.,1,130000.0,130000.0,,130000.0,130000.0,130000,130000,0.0,,0,neighborhood
Kanlıca Mah.,8,40625.0,35000.0,20311.414806176635,30000.0,46250.0,14000,80000,16250.0,49.99732875366556,66000,neighborhood
Kaptanpaşa Mah.,3,22833.333333333332,27500.0,8519.585279421372,20250.0,27750.0,13000,28000,7500.0,37.31205231863375,15000,neighborhood
Karaburun Mah.,1,35000.0,35000.0,,35000.0,35000.0,35000,35000,0.0,,0,neighborhood
Karadeniz Mah.,36,32052.777777777777,30000.0,8310.423269643665,26500.0,35000.0,20000,60000,8500.0,25.927310660124096,40000,neighborhood
Karadolap Mah.,18,26194.444444444445,25000.0,6167.130348227297,22250.0,29750.0,17000,40000,7500.0,23.5436577450883,23000,neighborhood
Karagümrük Mah.,4,41000.0,41500.0,11860.29791643813,37250.0,45250.0,26000,55000,8000.0,28.92755589375154,29000,neighborhood
Karayolları Mah.,9,43666.444444444445,50000.0,24336.48153550093,18000.0,60000.0,14999,80000,42000.0,55.732684089870276,65001,neighborhood
Karlıbayır Mah.,1,20000.0,20000.0,,20000.0,20000.0,20000,20000,0.0,,0,neighborhood
Karlıktepe Mah.,7,31428.571428571428,25000.0,12067.271755415457,22500.0,41000.0,20000,48000,18500.0,38.395864676321914,28000,neighborhood
Karlıtepe Mah.,4,23500.0,23000.0,10246.950765959598,16000.0,30500.0,13000,35000,14500.0,43.60404581259403,22000,neighborhood
Kartaltepe Mah.,36,30611.11111111111,22750.0,23009.349376506907,19750.0,30000.0,13000,120000,10250.0,75.16665858024035,107000,neighborhood
Katip Kasım Mah.,1,15000.0,15000.0,,15000.0,15000.0,15000,15000,0.0,,0,neighborhood
Katip Mustafa Çelebi Mah.,13,27923.076923076922,28000.0,5484.243163548009,25000.0,30000.0,20000,38000,5000.0,19.640540255130613,18000,neighborhood
Kavacık Mah.,69,30199.434782608696,30000.0,14352.199257049999,18000.0,40000.0,9000,72000,22000.0,47.52472806317279,63000,neighborhood
Kavaklı Mah.,60,26721.666666666668,24750.0,16281.913555830839,17875.0,32750.0,12000,130000,14875.0,60.931504606115524,118000,neighborhood
Kavakpınar Mah.,7,18714.285714285714,18000.0,3413.9071318303177,17500.0,20250.0,13500,24000,2750.0,18.24225184947498,10500,neighborhood
Kayabaşı Mah.,43,25854.6511627907,23000.0,9352.112149730112,20000.0,31000.0,16000,60000,11000.0,36.17187519122058,44000,neighborhood
Kaynarca Mah.,9,30888.88888888889,27000.0,10215.728613814637,25000.0,33000.0,20000,50000,8000.0,33.07250270659415,30000,neighborhood
Kayışdağı Mah.,45,23226.666666666668,23750.0,4711.224507878643,20500.0,25350.0,12500,36500,4850.0,20.28368760567728,24000,neighborhood
Kazlıçeşme Mah.,5,136000.0,130000.0,48140.419607643635,130000.0,145000.0,70000,205000,15000.0,35.397367358561496,135000,neighborhood
Kazım Karabekir Mah.,13,16538.46153846154,16500.0,3375.534145765788,14000.0,20000.0,11000,21000,6000.0,20.410206462769878,10000,neighborhood
Kazım Karabekir Paşa Mah.,1,20000.0,20000.0,,20000.0,20000.0,20000,20000,0.0,,0,neighborhood
Kemal Türkler Mah.,2,19250.0,19250.0,1060.6601717798212,18875.0,19625.0,18500,20000,750.0,5.509922970284785,1500,neighborhood
Kemalpaşa Mah.,6,13500.0,12750.0,1788.8543819998317,12125.0,14875.0,12000,16000,2750.0,13.250773199998752,4000,neighborhood
Kemankeş Karamustafa Paşa Mah.,1,60000.0,60000.0,,60000.0,60000.0,60000,60000,0.0,,0,neighborhood
Kemer Mah.,13,15153.846153846154,15000.0,2625.076311467086,13500.0,16500.0,11000,21000,3000.0,17.322838603589904,10000,neighborhood
Keçeci Piri Mah.,2,22500.0,22500.0,6363.961030678927,20250.0,24750.0,18000,27000,4500.0,28.284271247461902,9000,neighborhood
Kirazlı Mah.,7,19357.14285714286,18000.0,7487.290819082948,14000.0,21500.0,12500,34000,7500.0,38.67973116869419,21500,neighborhood
Kirazlıdere Mah.,2,107500.0,107500.0,10606.601717798212,103750.0,111250.0,100000,115000,7500.0,9.866606249114616,15000,neighborhood
Kirazlıtepe Mah.,2,40000.0,40000.0,28284.2712474619,30000.0,50000.0,20000,60000,20000.0,70.71067811865474,40000,neighborhood
Kireçburnu Mah.,21,50952.380952380954,35000.0,48734.46028271596,25000.0,59000.0,15000,240000,34000.0,95.64707158290048,225000,neighborhood
Koca Mustafapaşa Mah.,34,18164.70588235294,17000.0,7197.9324621071055,15000.0,20000.0,9000,50000,5000.0,39.62592352843938,41000,neighborhood
Kocasinan Merkez Mah.,15,21100.0,22000.0,5282.0450584977025,16750.0,25500.0,13000,30000,8750.0,25.033388902832716,17000,neighborhood
Kocataş Mah.,4,20000.0,22500.0,7071.067811865476,17500.0,25000.0,10000,25000,7500.0,35.35533905932738,15000,neighborhood
Kocatepe Mah.,12,34583.333333333336,33500.0,12558.650284552754,25000.0,40000.0,17000,60000,15000.0,36.314169497501936,43000,neighborhood
Konaklar Mah.,7,52428.57142857143,40000.0,24719.136600733334,33500.0,76250.0,25000,82500,42750.0,47.14821694962762,57500,neighborhood
Kordonboyu Mah.,10,54010.0,38750.0,35789.98773710634,35250.0,50775.0,21500,125000,15525.0,66.26548368284824,103500,neighborhood
Koza Mah.,20,23557.5,23250.0,6922.907721166698,17875.0,30000.0,12900,35000,12125.0,29.387276753334174,22100,neighborhood
Kozyatağı Mah.,22,55000.0,53000.0,19380.89388080559,41250.0,65000.0,12000,90000,23750.0,35.237988874191984,78000,neighborhood
Koşuyolu Mah.,1,25000.0,25000.0,,25000.0,25000.0,25000,25000,0.0,,0,neighborhood
Kulaksız Mah.,1,20000.0,20000.0,,20000.0,20000.0,20000,20000,0.0,,0,neighborhood
Kuleli Mah.,1,25000.0,25000.0,,25000.0,25000.0,25000,25000,0.0,,0,neighborhood
Kuloğlu Mah.,13,39846.153846153844,40000.0,29316.793122276507,20000.0,45000.0,20000,130000,25000.0,73.57496343428468,110000,neighborhood
Kumbaba Mah.,4,42500.0,45000.0,9574.271077563382,37500.0,50000.0,30000,50000,12500.0,22.527696653090313,20000,neighborhood
Kumburgaz Mah.,9,23194.444444444445,25000.0,6628.274871923899,18000.0,25000.0,15000,35000,7000.0,28.576993459791662,20000,neighborhood
Kumköy Mah.,5,41000.0,40000.0,6519.202405202649,35000.0,45000.0,35000,50000,10000.0,15.900493671225973,15000,neighborhood
Kurtköy Mah.,3,29166.666666666668,23500.0,10251.016209787855,23250.0,32250.0,23000,41000,9000.0,35.146341290701216,18000,neighborhood
Kuruçeşme Mah.,3,103333.33333333333,40000.0,118462.37095944573,35000.0,140000.0,30000,240000,105000.0,114.64100415430232,210000,neighborhood
Kuzguncuk Mah.,1,50000.0,50000.0,,50000.0,50000.0,50000,50000,0.0,,0,neighborhood
Kuştepe Mah.,36,29590.277777777777,24000.0,22574.65019328553,17125.0,28000.0,10000,120000,10875.0,76.29076807869318,110000,neighborhood
Kültür Mah.,14,83214.28571428571,75000.0,37703.65942539178,56250.0,97500.0,45000,175000,41250.0,45.30911862278841,130000,neighborhood
Küplüce Mah.,3,25500.0,26500.0,10037.429949942365,20750.0,30750.0,15000,35000,10000.0,39.36247039193084,20000,neighborhood
Küçük Piyale Mah.,3,18833.333333333332,20000.0,3883.726732577014,17250.0,21000.0,14500,22000,3750.0,20.62155787209034,7500,neighborhood
Küçük Çamlıca Mah.,6,27833.333333333332,26500.0,8280.499179799892,21500.0,33000.0,19000,40000,11500.0,29.750296454370872,21000,neighborhood
Küçükbakkalköy Mah.,16,38343.75,37750.0,11338.310794235034,31500.0,45000.0,22000,65000,13500.0,29.57016670053147,43000,neighborhood
Küçüksu Mah.,12,55500.0,45000.0,33782.05548404763,27875.0,88500.0,20000,120000,60625.0,60.868568439725465,100000,neighborhood
Küçükyalı Mah.,22,38181.818181818184,35000.0,14640.571038942448,29000.0,40000.0,23000,75000,11000.0,38.34435272103974,52000,neighborhood
Kılıçali Paşa Mah.,20,63000.0,60000.0,21143.61916936047,45000.0,75500.0,28000,115000,30500.0,33.561300268826145,87000,neighborhood
Kısıklı Mah.,3,33000.0,32500.0,9260.129588726068,28250.0,37500.0,24000,42500,9250.0,28.060998753715356,18500,neighborhood
Levazım Mah.,18,165883.33333333334,225000.0,82619.81139711055,68475.0,240000.0,55000,240000,171525.0,49.805974920392174,185000,neighborhood
Levent Mah.,60,128182.0,142500.0,52605.91881373509,83750.0,170000.0,22000,200000,86250.0,41.04002029437447,178000,neighborhood
Maden Mah.,39,68237.17948717948,50000.0,46526.41258630572,35000.0,95000.0,20000,200000,60000.0,68.18337588974816,180000,neighborhood
Madenler Mah.,8,40250.0,32500.0,22594.247055390006,27500.0,46250.0,18000,90000,18750.0,56.134775292894425,72000,neighborhood
Mahmut Şevket Paşa Mah.,2,22500.0,22500.0,3535.5339059327375,21250.0,23750.0,20000,25000,2500.0,15.713484026367722,5000,neighborhood
Mahmutbey Mah.,16,24062.5,23250.0,10720.502164855277,15375.0,25625.0,10000,50000,10250.0,44.552736269528424,40000,neighborhood
Maltepe Mah.,7,43571.28571428572,36999.0,19923.718818820664,31000.0,45500.0,30000,85000,14500.0,45.726717704564486,55000,neighborhood
Mareşal Çakmak Mah.,3,23666.666666666668,25000.0,5131.601439446884,21500.0,26500.0,18000,28000,5000.0,21.682822983578383,10000,neighborhood
Marmara Mah.,17,42632.35294117647,42000.0,14244.000284949698,38500.0,45000.0,17000,75000,6500.0,33.411245925373564,58000,neighborhood
Maslak Mah.,255,79465.58039215686,75000.0,27950.834985914997,60000.0,89750.0,11786,240000,29750.0,35.17351140956834,228214,neighborhood
Mavigöl Mah.,1,60000.0,60000.0,,60000.0,60000.0,60000,60000,0.0,,0,neighborhood
Mecidiye Mah.,21,38095.19047619047,30000.0,21198.237798503553,26000.0,38000.0,17500,100000,12000.0,55.64544377787656,82500,neighborhood
Mecidiyeköy Mah.,108,32898.148148148146,25000.0,26329.109477617916,20000.0,30250.0,13000,160000,10250.0,80.03219317711047,147000,neighborhood
Meclis Mah.,6,22875.0,22125.0,4392.465139303897,20500.0,26562.5,17000,28000,6062.5,19.202033395864028,11000,neighborhood
Mehmet Akif Ersoy Mah.,26,17653.846153846152,17000.0,4751.356081729154,15000.0,20000.0,10000,28000,5000.0,26.913999591494118,18000,neighborhood
Mehmet Akif Mah.,26,22288.46153846154,22000.0,6829.601857975438,17000.0,26375.0,12000,40000,9375.0,30.641872011624056,28000,neighborhood
Mehmet Nesih Özmen Mah.,3,35000.0,40000.0,8660.254037844386,32500.0,40000.0,25000,40000,7500.0,24.743582965269674,15000,neighborhood
Mehterçeşme Mah.,29,14982.758620689656,14000.0,3263.660189497724,13000.0,18000.0,10000,20000,5000.0,21.782772265922667,10000,neighborhood
Menderes Mah.,8,24906.25,20000.0,12854.916721961736,15562.5,29625.0,14000,45000,14062.5,51.61321644953269,31000,neighborhood
Merdivenköy Mah.,13,44346.153846153844,45000.0,10742.02148764494,40000.0,52000.0,25000,65000,12000.0,24.223118705877578,40000,neighborhood
Merkez Mah.,235,40924.46808510638,33000.0,24596.267506474345,23000.0,55000.0,9000,160000,32000.0,60.10161807191735,151000,neighborhood
Merkezefendi Mah.,14,35857.142857142855,33500.0,11902.534590175726,30000.0,35000.0,25000,75000,5000.0,33.194319574195255,50000,neighborhood
Mevlana Mah.,7,29071.428571428572,27500.0,3994.0431835899008,26750.0,30250.0,25000,37000,3500.0,13.738723481636022,12000,neighborhood
Mevlanakapı Mah.,20,15875.0,15500.0,3691.6513207078765,12875.0,18250.0,10000,24000,5375.0,23.254496508396073,14000,neighborhood
Meşrutiyet Mah.,22,47129.0,43500.0,19823.164299807002,34999.0,57250.0,25500,115000,22251.0,42.06149992532623,89500,neighborhood
Mimar Hayrettin Mah.,1,27000.0,27000.0,,27000.0,27000.0,27000,27000,0.0,,0,neighborhood
Mimar Sinan Mah.,62,41745.967741935485,24750.0,41099.60142839238,18500.0,38750.0,10000,190000,20250.0,98.45166767353723,180000,neighborhood
Mimar Sinan Merkez Mah.,3,28333.333333333332,30000.0,7637.626158259733,25000.0,32500.0,20000,35000,7500.0,26.956327617387295,15000,neighborhood
Mimaroba Mah.,9,27444.444444444445,25000.0,11780.398031381528,20000.0,28000.0,17000,55000,8000.0,42.92452723985172,38000,neighborhood
Mithatpaşa Mah.,6,30666.666666666668,27500.0,8897.565210026092,25000.0,31875.0,24000,47500,6875.0,29.013799597911174,23500,neighborhood
Molla Gürani Mah.,14,25964.285714285714,21000.0,12628.515178135378,20000.0,25000.0,15000,60000,5000.0,48.63802269433158,45000,neighborhood
Muradiye Mah.,11,42727.27272727273,35000.0,22935.08626140704,32000.0,47000.0,18000,105000,15000.0,53.67786146286754,87000,neighborhood
Murat Reis Mah.,25,28040.0,27000.0,5208.006656421758,25000.0,30000.0,20000,40000,5000.0,18.573490215484156,20000,neighborhood
Murat Çeşme Mah.,2,25500.0,25500.0,9192.388155425118,22250.0,28750.0,19000,32000,6500.0,36.04858100166713,13000,neighborhood
Muratpaşa Mah.,5,19860.0,19300.0,2469.4128856876077,18000.0,20000.0,18000,24000,2000.0,12.43410315049148,6000,neighborhood
Mustafa Kemal Mah.,3,26666.666666666668,22000.0,9865.765724632494,21000.0,30000.0,20000,38000,9000.0,36.99662146737185,18000,neighborhood
Mustafa Kemal Paşa Mah.,25,18060.0,17000.0,4533.026950430951,14500.0,20000.0,13000,28000,5500.0,25.099817001278797,15000,neighborhood
Müeyyetzade Mah.,2,55000.0,55000.0,35355.33905932738,42500.0,67500.0,30000,80000,25000.0,64.28243465332251,50000,neighborhood
Namık Kemal Mah.,15,24266.666666666668,22500.0,10438.36787096162,18000.0,29500.0,9000,45000,11500.0,43.01525221550118,36000,neighborhood
Necip Fazıl Kısakürek Mah.,10,12500.0,12500.0,1490.7119849998596,12000.0,13000.0,10000,15500,1000.0,11.925695879998877,5500,neighborhood
Necip Fazıl Mah.,10,26400.0,24250.0,10451.076499576491,20187.5,30187.5,15000,50000,10000.0,39.58741098324429,35000,neighborhood
Nine Hatun Mah.,9,18444.444444444445,18500.0,2517.990821623021,17500.0,20000.0,15000,23000,2500.0,13.651757466630837,8000,neighborhood
Nisbetiye Mah.,35,110100.0,69000.0,70353.28914924765,55000.0,192000.0,26000,240000,137000.0,63.89944518551104,214000,neighborhood
Nizam Mah.,16,62000.0,40000.0,50797.63774035166,35000.0,61250.0,15000,200000,26250.0,81.93167377476074,185000,neighborhood
Nuripaşa Mah.,4,28625.0,27500.0,5647.639624952475,24625.0,31500.0,23500,36000,6875.0,19.729745414681137,12500,neighborhood
Nurtepe Mah.,7,30214.285714285714,25500.0,12886.870394763368,23500.0,30500.0,20500,57500,7000.0,42.65158050276292,37000,neighborhood
Orhan Gazi Mah.,7,18000.0,18000.0,4242.640687119286,15000.0,20000.0,13000,25000,5000.0,23.570226039551585,12000,neighborhood
Orhangazi Mah.,2,28500.0,28500.0,9192.388155425118,25250.0,31750.0,22000,35000,6500.0,32.25399352780743,13000,neighborhood
Orhantepe Mah.,7,35821.42857142857,34000.0,14305.239632819192,27875.0,37500.0,21000,65000,9625.0,39.93486637277541,44000,neighborhood
Orta Mah.,14,22589.285714285714,22500.0,5432.812650616925,20000.0,24812.5,12000,34000,4812.5,24.05039592367967,22000,neighborhood
Ortabayır Mah.,47,29202.127659574468,25000.0,17005.964290848362,21250.0,30750.0,10000,130000,9500.0,58.23536041310551,120000,neighborhood
Ortaköy Mah.,12,70162.5,38000.0,62594.42730423735,29500.0,86250.0,19950,200000,56750.0,89.21350764901102,180050,neighborhood
Ortaçeşme Mah.,7,18357.14285714286,15500.0,6561.975602630949,14000.0,21000.0,13000,30000,7000.0,35.746170597989604,17000,neighborhood
Oruçreis Mah.,14,16535.714285714286,15250.0,4504.118993997374,13000.0,19250.0,11000,26000,6250.0,27.238732577089948,15000,neighborhood
Osmanağa Mah.,28,32249.928571428572,31750.0,11119.25091044913,25000.0,36000.0,12000,59500,11000.0,34.478373760802974,47500,neighborhood
Osmangazi Mah.,5,21000.0,22000.0,4636.809247747852,22000.0,23000.0,13000,25000,1000.0,22.080044036894535,12000,neighborhood
Osmaniye Mah.,7,25914.285714285714,26000.0,8702.572143036901,21750.0,29750.0,12400,40000,8000.0,33.58214167654813,27600,neighborhood
Parseller Mah.,1,90000.0,90000.0,,90000.0,90000.0,90000,90000,0.0,,0,neighborhood
Pazariçi Mah.,3,19333.333333333332,16000.0,5773.5026918962585,16000.0,21000.0,16000,26000,5000.0,29.862944958084096,10000,neighborhood
Paşa Mah.,23,27065.217391304348,25000.0,9124.522836622606,21000.0,30000.0,15000,52000,9000.0,33.713096424469065,37000,neighborhood
Paşabahçe Mah.,10,22100.0,21750.0,8921.883209278185,15250.0,26000.0,9500,40000,10750.0,40.37051225917731,30500,neighborhood
Petroliş Mah.,2,37750.0,37750.0,3181.9805153394636,36625.0,38875.0,35500,40000,2250.0,8.429087457852884,4500,neighborhood
Piri Mehmet Paşa Mah.,5,16800.0,15000.0,5540.758070878027,14000.0,22000.0,10000,23000,8000.0,32.9807028028454,13000,neighborhood
Piri Paşa Mah.,3,23666.666666666668,27000.0,8504.900548115384,20500.0,28500.0,14000,30000,8000.0,35.93619949907909,16000,neighborhood
Piri Reis Mah.,17,17235.29411764706,15000.0,6495.473537055496,13000.0,18000.0,10000,30000,5000.0,37.687047825919265,20000,neighborhood
Piyalepaşa Mah.,1,14000.0,14000.0,,14000.0,14000.0,14000,14000,0.0,,0,neighborhood
Poligon Mah.,2,27500.0,27500.0,17677.66952966369,21250.0,33750.0,15000,40000,12500.0,64.28243465332251,25000,neighborhood
Postane Mah.,4,31000.0,30000.0,6683.312551921142,27750.0,33250.0,24000,40000,5500.0,21.559072748132717,16000,neighborhood
Pürtelaş Hasan Efendi Mah.,8,63973.75,60000.0,21027.385502516205,50000.0,80925.0,32000,91890,30925.0,32.868771179610704,59890,neighborhood
Pınar Mah.,12,27458.333333333332,12250.0,45156.02161261317,11000.0,20000.0,11000,170000,9000.0,164.45288599434235,159000,neighborhood
Pınartepe Mah.,9,25500.0,26000.0,10994.316713648012,19000.0,30000.0,14000,50000,11000.0,43.114967504502005,36000,neighborhood
Rami Yeni Mah.,1,12000.0,12000.0,,12000.0,12000.0,12000,12000,0.0,,0,neighborhood
Rasimpaşa Mah.,15,28600.0,28000.0,12154.070452791879,20000.0,38000.0,9500,46000,18000.0,42.49674983493664,36500,neighborhood
Reşitpaşa Mah.,13,50692.307692307695,35000.0,50560.82906655543,20000.0,50000.0,12000,160000,30000.0,99.74063397044318,148000,neighborhood
Riva Mah.,3,40000.0,35000.0,22912.8784747792,27500.0,50000.0,20000,65000,22500.0,57.282196186948006,45000,neighborhood
Rumeli Hisarı Mah.,5,69000.0,55000.0,31503.96800404673,55000.0,60000.0,50000,125000,5000.0,45.65792464354598,75000,neighborhood
Rumeli Kavağı Mah.,1,50000.0,50000.0,,50000.0,50000.0,50000,50000,0.0,,0,neighborhood
Rüzgarlıbahçe Mah.,7,25714.285714285714,25000.0,1112.6972805283733,25000.0,26000.0,25000,28000,1000.0,4.327156090943674,3000,neighborhood
Saadetdere Mah.,8,14406.25,14750.0,755.1903733496608,13937.5,15000.0,13000,15000,1062.5,5.24210237466142,2000,neighborhood
Safa Mah.,1,23000.0,23000.0,,23000.0,23000.0,23000,23000,0.0,,0,neighborhood
Sahil Mah.,24,35375.0,36000.0,8757.91567420706,32000.0,38000.0,15000,60000,6000.0,24.75735879634505,45000,neighborhood
Sahrayı Cedit Mah.,7,40642.857142857145,42500.0,17153.022779562514,31000.0,47000.0,16000,70000,16000.0,42.204273974319015,54000,neighborhood
Sakarya Mah.,3,25000.0,25000.0,5000.0,22500.0,27500.0,20000,30000,5000.0,20.0,10000,neighborhood
Sakızağacı Mah.,8,44187.5,32500.0,24307.46137652858,29750.0,54000.0,20000,87500,24250.0,55.00981358196001,67500,neighborhood
Salacak Mah.,9,46888.88888888889,40000.0,42353.25974598781,25500.0,50000.0,9000,150000,24500.0,90.32685727817305,141000,neighborhood
Sanayi Mah.,5,18000.0,18000.0,2121.320343559643,17000.0,20000.0,15000,20000,3000.0,11.785113019775793,5000,neighborhood
Sancaktepe Mah.,5,25400.0,15000.0,17980.545041794478,15000.0,30000.0,12000,55000,15000.0,70.78954740863968,43000,neighborhood
Sapan Bağları Mah.,5,23400.0,24000.0,6107.372593840988,23000.0,25000.0,14000,31000,2000.0,26.09988287966234,17000,neighborhood
Saray Mah.,3,44666.666666666664,52000.0,12701.705922171766,41000.0,52000.0,30000,52000,11000.0,28.436655049638283,22000,neighborhood
Sarıgazi Mah.,2,23250.0,23250.0,5303.300858899106,21375.0,25125.0,19500,27000,3750.0,22.809896167307983,7500,neighborhood
Sarıgöl Mah.,4,16750.0,16500.0,2061.5528128088304,15000.0,18250.0,15000,19000,3250.0,12.30777798691839,4000,neighborhood
Sarıyer Merkez Mah.,11,35727.27272727273,40000.0,15100.270918701486,24500.0,45000.0,13000,60000,20500.0,42.26538933987693,47000,neighborhood
Selahaddin Eyyubi Mah.,8,13625.0,15000.0,3377.97487937881,10000.0,16250.0,9000,17000,6250.0,24.792476178927046,8000,neighborhood
Selami Ali Mah.,7,37457.142857142855,30000.0,22276.957986737263,25000.0,38600.0,20000,85000,13600.0,59.473190658718856,65000,neighborhood
Selimiye Mah.,2,21750.0,21750.0,353.5533905932738,21625.0,21875.0,21500,22000,250.0,1.6255328303139023,500,neighborhood
Selimpaşa Mah.,11,30454.545454545456,20000.0,18478.980688142063,18000.0,40000.0,15000,70000,22000.0,60.67725002076499,55000,neighborhood
Seyitnizam Mah.,24,20791.666666666668,14000.0,22896.229358577355,12750.0,18250.0,10000,120000,5500.0,110.12214521159449,110000,neighborhood
Seyrantepe Mah.,59,39224.57627118644,25000.0,27658.03707611163,22500.0,40625.0,14500,140000,18125.0,70.51200982999184,125500,neighborhood
Seyyid Ömer Mah.,45,17805.555555555555,17000.0,4146.770679782892,15000.0,20000.0,11000,27000,5000.0,23.289195705488943,16000,neighborhood
Silahtarağa Mah.,5,26200.0,26000.0,8906.458330896743,21500.0,34500.0,14000,35000,13000.0,33.99411576678146,21000,neighborhood
Silivrikapı Mah.,21,17880.95238095238,17000.0,5373.324766624389,15000.0,19000.0,11500,35000,4000.0,30.050551291374745,23500,neighborhood
Sinanoba Mah.,2,35000.0,35000.0,0.0,35000.0,35000.0,35000,35000,0.0,0.0,0,neighborhood
Sinanpaşa Mah.,8,37125.0,35000.0,5055.054048036621,34750.0,40750.0,30000,45000,6000.0,13.616307200098642,15000,neighborhood
Site Mah.,2,29750.0,29750.0,4596.194077712559,28125.0,31375.0,26500,33000,3250.0,15.449391857857343,6500,neighborhood
Siyavuşpaşa Mah.,33,25545.454545454544,25000.0,8080.9997412561415,20000.0,30000.0,10000,40000,10000.0,31.63380681630518,30000,neighborhood
Soğanlı Mah.,29,20810.344827586207,20000.0,5587.635893367364,16000.0,26000.0,10000,31000,10000.0,26.850280183538285,21000,neighborhood
Soğanlık Yeni Mah.,5,38800.0,40000.0,12911.235417263524,28000.0,47000.0,24000,55000,19000.0,33.27637994140083,31000,neighborhood
Soğukpınar Mah.,4,29875.0,27750.0,10987.68249753635,24250.0,33375.0,19000,45000,9125.0,36.778853548238835,26000,neighborhood
Soğuksu Mah.,8,46750.0,54000.0,20707.141625190918,26500.0,57000.0,20000,80000,30500.0,44.2933510699271,60000,neighborhood
Suadiye Mah.,27,87485.55555555556,77500.0,31857.03186875983,65000.0,102500.0,32000,160000,37500.0,36.414047629302424,128000,neighborhood
Sultan Murat Mah.,3,29250.0,36750.0,13207.47894187229,25375.0,36875.0,14000,37000,11500.0,45.153774160247146,23000,neighborhood
Sultan Selim Mah.,55,22599.909090909092,20000.0,8366.01702496193,17000.0,25225.0,10000,55000,8225.0,37.01792335229877,45000,neighborhood
Sultaniye Mah.,4,15375.0,14000.0,3092.3292192132453,13875.0,15500.0,13500,20000,1625.0,20.112710368866637,6500,neighborhood
Sultantepe Mah.,5,36200.0,35000.0,7949.8427657407165,34000.0,38000.0,26000,48000,4000.0,21.960891618068278,22000,neighborhood
Sultançiftliği Mah.,14,26285.714285714286,25250.0,9160.35413682724,19125.0,30000.0,14000,45000,10875.0,34.84917334662537,31000,neighborhood
Sururi Mehmet Efendi Mah.,5,24000.0,25000.0,2236.06797749979,25000.0,25000.0,20000,25000,0.0,9.316949906249123,5000,neighborhood
Söğütlü Çeşme Mah.,2,60000.0,60000.0,56568.5424949238,40000.0,80000.0,20000,100000,40000.0,94.28090415820634,80000,neighborhood
Süleymaniye Mah.,8,13437.5,13500.0,2920.8303613869807,11875.0,14250.0,9000,19000,2375.0,21.736411991717066,10000,neighborhood
Sümbül Efendi Mah.,26,18248.076923076922,16000.0,7839.776537239193,13000.0,20000.0,9500,47000,7000.0,42.96220675903025,37500,neighborhood
Sümer Mah.,19,29973.684210526317,22000.0,20100.078554441945,17000.0,37500.0,10000,85000,20500.0,67.05908560744459,75000,neighborhood
Sütlüce Mah.,5,27400.0,30000.0,10526.157893552614,22000.0,35000.0,12000,38000,13000.0,38.41663464800224,26000,neighborhood
Tahtakale Mah.,12,29416.666666666668,31000.0,7913.835219335052,23500.0,35875.0,17500,38500,12375.0,26.902555986408107,21000,neighborhood
Talatpaşa Mah.,39,24570.51282051282,22000.0,15098.029315237756,15000.0,27750.0,10000,100000,12750.0,61.44775823577068,90000,neighborhood
Tantavi Mah.,2,49000.0,49000.0,36769.55262170047,36000.0,62000.0,23000,75000,26000.0,75.0399033095928,52000,neighborhood
Tarabya Mah.,28,77344.64285714286,59500.0,64230.94808937758,30750.0,92800.0,15000,225000,62050.0,83.04511562360365,210000,neighborhood
Tatlısu Mah.,3,41666.666666666664,40000.0,7637.626158259733,37500.0,45000.0,35000,50000,7500.0,18.33030277982336,15000,neighborhood
Taşdelen Mah.,6,31083.333333333332,28250.0,6319.941982856067,27625.0,35625.0,24500,40000,8000.0,20.332253027955176,15500,neighborhood
Taşoluk Mah.,1,30000.0,30000.0,,30000.0,30000.0,30000,30000,0.0,,0,neighborhood
Telsiz Mah.,9,22222.222222222223,22000.0,4528.459389731174,20000.0,23000.0,15500,30000,3000.0,20.378067253790284,14500,neighborhood
Telsizler Mah.,27,21379.62962962963,18000.0,8202.4768686432,15250.0,24500.0,10000,41000,9250.0,38.36585109629561,31000,neighborhood
Tepeüstü Mah.,1,20000.0,20000.0,,20000.0,20000.0,20000,20000,0.0,,0,neighborhood
Terazidere Mah.,2,20000.0,20000.0,0.0,20000.0,20000.0,20000,20000,0.0,0.0,0,neighborhood
Tevfik Bey Mah.,6,18750.0,18000.0,4263.2147494584415,15250.0,21500.0,14500,25000,6250.0,22.73714533044502,10500,neighborhood
Teşvikiye Mah.,54,88487.5925925926,70000.0,43051.580863538045,60000.0,120000.0,28000,240000,60000.0,48.65267502728054,212000,neighborhood
Tokatköy Mah.,2,23000.0,23000.0,1414.213562373095,22500.0,23500.0,22000,24000,1000.0,6.148754619013457,2000,neighborhood
Tomtom Mah.,7,59800.0,55000.0,14683.77789716711,49300.0,71000.0,43000,80000,21700.0,24.554812537068745,37000,neighborhood
Topağacı Mah.,1,10000.0,10000.0,,10000.0,10000.0,10000,10000,0.0,,0,neighborhood
Topkapı Mah.,5,22100.0,25000.0,4695.742752749558,17000.0,25000.0,17000,26500,8000.0,21.24770476357266,9500,neighborhood
Topselvi Mah.,1,23000.0,23000.0,,23000.0,23000.0,23000,23000,0.0,,0,neighborhood
Topçular Mah.,1,20000.0,20000.0,,20000.0,20000.0,20000,20000,0.0,,0,neighborhood
Tozkoparan Mah.,8,19375.0,19000.0,6093.028803476971,15000.0,22000.0,11000,28000,7000.0,31.447890598590817,17000,neighborhood
Tuna Mah.,7,16357.142857142857,16000.0,3543.941846238988,14250.0,17500.0,12000,23000,3250.0,21.666020020675035,11000,neighborhood
Turgut Reis Mah.,4,15875.0,16500.0,1652.0189667999177,15375.0,17000.0,13500,17000,1625.0,10.406418688503418,3500,neighborhood
Turgut Özal Mah.,9,17611.11111111111,15000.0,4755.114205895702,15000.0,18000.0,14000,26500,3000.0,27.00064848773585,12500,neighborhood
Türkali Mah.,22,35269.545454545456,33250.0,12593.51022485589,28000.0,40000.0,15000,75000,12000.0,35.706471582079516,60000,neighborhood
Ulus Mah.,24,81787.5,85000.0,44632.278361507946,38250.0,100000.0,13000,180000,61750.0,54.571026576809345,167000,neighborhood
Uskumruköy Mah.,4,109500.0,110000.0,75637.29238940273,44500.0,175000.0,43000,175000,130500.0,69.07515286703446,132000,neighborhood
Uğur Mumcu Mah.,11,22909.090909090908,21000.0,3806.6926709295954,20000.0,25500.0,18500,30000,5500.0,16.616515627073632,11500,neighborhood
Valide-i Atik Mah.,10,24000.0,22750.0,6904.105059069327,21500.0,27750.0,10000,36000,6250.0,28.767104412788864,26000,neighborhood
Vatan Mah.,1,13500.0,13500.0,,13500.0,13500.0,13500,13500,0.0,,0,neighborhood
Velibaba Mah.,2,28250.0,28250.0,8131.727983645296,25375.0,31125.0,22500,34000,5750.0,28.784877818213438,11500,neighborhood
Veliefendi Mah.,9,15777.777777777777,16000.0,3345.8099833141223,14000.0,18000.0,10000,20000,4000.0,21.20583792241345,10000,neighborhood
Veysel Karani Mah.,2,47500.0,47500.0,12020.815280171308,43250.0,51750.0,39000,56000,8500.0,25.30697953720275,17000,neighborhood
Vişnezade Mah.,28,91300.35714285714,78955.0,55059.18435056232,49375.0,120000.0,23500,240000,70625.0,60.30555199736133,216500,neighborhood
Yahya Kahya Mah.,3,30000.0,35000.0,8660.254037844386,27500.0,35000.0,20000,35000,7500.0,28.867513459481287,15000,neighborhood
Yahya Kemal Mah.,24,22124.958333333332,20499.5,8553.23292795932,15000.0,30000.0,11000,36000,15000.0,38.65875270405852,25000,neighborhood
Yakacık Yeni Mah.,6,30833.333333333332,28500.0,5845.225972250061,27000.0,31500.0,27000,42000,4500.0,18.95748963972993,15000,neighborhood
Yakacık Çarşı Mah.,6,25250.0,24500.0,6055.9887714559045,21125.0,25625.0,20000,36500,4500.0,23.984113946360015,16500,neighborhood
Yakuplu Mah.,20,21062.5,21000.0,5521.414649964456,18500.0,23250.0,12500,35000,4750.0,26.214431572531538,22500,neighborhood
Yalı Mah.,16,45250.0,30000.0,35171.95852759222,28000.0,36250.0,24000,145000,8250.0,77.72808514385021,121000,neighborhood
Yalıköy Mah.,7,25142.85714285714,22000.0,11066.896153673371,20000.0,32000.0,10000,40000,12000.0,44.01606424756454,30000,neighborhood
Yamanevler Mah.,5,24800.0,20000.0,12437.845472588891,19000.0,20000.0,18000,47000,1000.0,50.15260271205199,29000,neighborhood
Yarımburgaz Mah.,2,19750.0,19750.0,2474.8737341529163,18875.0,20625.0,18000,21500,1750.0,12.531006248875526,3500,neighborhood
Yavuz Selim Mah.,9,19722.222222222223,18000.0,4893.306085301066,17000.0,20000.0,15000,30000,3000.0,24.81112944659695,15000,neighborhood
Yavuz Sultan Selim Mah.,6,21916.666666666668,23500.0,6390.748521626138,16750.0,26500.0,13500,29000,9750.0,29.159308843921544,15500,neighborhood
Yavuztürk Mah.,1,35000.0,35000.0,,35000.0,35000.0,35000,35000,0.0,,0,neighborhood
Yayalar Mah.,3,36166.666666666664,35000.0,8311.638426527788,31750.0,40000.0,28500,45000,8250.0,22.981488736943195,16500,neighborhood
Yayla Mah.,20,24897.5,25000.0,8422.377383463276,18000.0,29237.5,9000,43000,11237.5,33.82820517507089,34000,neighborhood
Yedikule Mah.,7,61728.57142857143,16000.0,80823.97982211538,14500.0,98500.0,10100,180000,84000.0,130.934473213332,169900,neighborhood
Yeni Mah.,35,31814.285714285714,22500.0,31615.355007794995,20000.0,27750.0,13500,180000,7750.0,99.37471264237313,166500,neighborhood
Yeni Mahalle Mah.,19,22368.42105263158,22000.0,5494.548068725231,17750.0,26500.0,16000,37000,8750.0,24.563861954301032,21000,neighborhood
Yeni Çamlıca Mah.,1,20000.0,20000.0,,20000.0,20000.0,20000,20000,0.0,,0,neighborhood
Yenibosna Merkez Mah.,18,38638.833333333336,35000.0,14545.963775118471,25625.0,50000.0,16999,65000,24375.0,37.64597044023535,48001,neighborhood
Yenidoğan Mah.,12,21958.333333333332,20500.0,6319.0129167793475,15750.0,28625.0,15000,30000,12875.0,28.7772884255606,15000,neighborhood
Yenigün Mah.,2,17750.0,17750.0,3181.9805153394636,16625.0,18875.0,15500,20000,2250.0,17.926650790644867,4500,neighborhood
Yenikent Mah.,2,18750.0,18750.0,4596.194077712559,17125.0,20375.0,15500,22000,3250.0,24.51303508113365,6500,neighborhood
Yeniköy Mah.,22,60568.181818181816,57500.0,36560.54842721457,25250.0,85000.0,19500,139000,59750.0,60.362631549622556,119500,neighborhood
Yenimahalle Mah.,6,21083.333333333332,19000.0,10855.490162432403,13875.0,24500.0,10000,40000,10625.0,51.488490889007444,30000,neighborhood
Yenişehir Mah.,37,25537.837837837837,22500.0,11005.68921945351,16000.0,33000.0,12000,55000,17000.0,43.09561870248491,43000,neighborhood
Yeşilce Mah.,17,20897.058823529413,18000.0,5326.128712190828,18000.0,23000.0,15000,38000,5000.0,25.48745618782381,23000,neighborhood
Yeşilkent Mah.,28,15796.42857142857,14500.0,4025.058742875423,13000.0,18125.0,10000,25000,5125.0,25.48081501255072,15000,neighborhood
Yeşilköy Mah.,21,64214.28571428572,60000.0,27949.31637293273,50000.0,80000.0,16500,125000,30000.0,43.52507555295419,108500,neighborhood
Yeşilova Mah.,28,19732.14285714286,20000.0,5017.528797933824,16750.0,21375.0,9000,35000,4625.0,25.428200242922543,26000,neighborhood
Yeşilpınar Mah.,7,23428.571428571428,22000.0,5151.282780600798,21250.0,25500.0,16000,32500,4250.0,21.98718260012536,16500,neighborhood
Yeşiltepe Mah.,1,15000.0,15000.0,,15000.0,15000.0,15000,15000,0.0,,0,neighborhood
Yeşilyurt Mah.,1,50000.0,50000.0,,50000.0,50000.0,50000,50000,0.0,,0,neighborhood
Yukarı Dudullu Mah.,3,27333.333333333332,28000.0,5033.222956847167,25000.0,30000.0,22000,32000,5000.0,18.41423032992866,10000,neighborhood
Yukarı Mah.,2,20000.0,20000.0,0.0,20000.0,20000.0,20000,20000,0.0,0.0,0,neighborhood
Yunus Emre Mah.,6,18500.0,17250.0,5639.148871948673,14125.0,23750.0,12500,25000,9625.0,30.481885794317154,12500,neighborhood
Yunus Mah.,1,29000.0,29000.0,,29000.0,29000.0,29000,29000,0.0,,0,neighborhood
Yıldırım Mah.,2,41000.0,41000.0,22627.41699796952,33000.0,49000.0,25000,57000,16000.0,55.18882194626713,32000,neighborhood
Yıldız Mah.,31,83949.03225806452,64000.0,51162.426275203085,45000.0,140000.0,20000,180000,95000.0,60.94462901957777,160000,neighborhood
Yıldıztabya Mah.,6,20666.666666666668,21000.0,3326.6599866332394,20000.0,22000.0,15000,25000,2000.0,16.096741870805996,10000,neighborhood
Yıldıztepe Mah.,13,17076.923076923078,16000.0,5611.91498007496,14000.0,20000.0,9000,28500,6000.0,32.86256519863715,19500,neighborhood
Zafer Mah.,36,16534.722222222223,15500.0,5436.69830798652,12375.0,19812.5,9000,35000,7437.5,32.88049375682734,26000,neighborhood
Zekeriyaköy Mah.,61,63647.54098360656,50000.0,31953.135508936502,42500.0,85000.0,25000,160000,42500.0,50.20325218403416,135000,neighborhood
Zeynep Kamil Mah.,26,24115.384615384617,23000.0,8596.868839650508,20000.0,26000.0,13500,58000,6000.0,35.648897899667176,44500,neighborhood
Zeyrek Mah.,1,17250.0,17250.0,,17250.0,17250.0,17250,17250,0.0,,0,neighborhood
Zeytinlik Mah.,3,30833.333333333332,30000.0,1443.3756729740642,30000.0,31250.0,30000,32500,1250.0,4.681218398834803,2500,neighborhood
Ziya Gökalp Mah.,24,42000.0,38000.0,17275.265051763912,29750.0,48000.0,20000,80000,18250.0,41.13158345658074,60000,neighborhood
Zuhuratbaba Mah.,21,38476.19047619047,35000.0,16569.90961839879,25000.0,55000.0,19000,70000,30000.0,43.065359156729535,51000,neighborhood
Zübeyde Hanım Mah.,2,14250.0,14250.0,1767.7669529663688,13625.0,14875.0,13000,15500,1250.0,12.40538212607978,2500,neighborhood
Zühtüpaşa Mah.,6,49000.0,49000.0,15671.630419327787,37500.0,53750.0,32000,75000,16250.0,31.982919223117932,43000,neighborhood
Zümrütevler Mah.,24,27708.333333333332,23750.0,10335.582971575373,20000.0,36250.0,16000,50000,16250.0,37.301352077866014,34000,neighborhood
Çakmak Mah.,7,22071.428571428572,21000.0,6930.780207575067,17750.0,23500.0,15000,36000,5750.0,31.401593173479263,21000,neighborhood
Çakmaklı Mah.,8,30875.0,24000.0,11861.552536300995,23000.0,45000.0,18000,45000,22000.0,38.41798392324209,27000,neighborhood
Çamlıbahçe Mah.,8,21375.0,22000.0,4596.194077712559,18750.0,25250.0,15000,26000,6500.0,21.50266235187162,11000,neighborhood
Çamlık Mah.,16,31500.0,30750.0,8565.434412022934,28000.0,35125.0,16000,45000,7125.0,27.191855276263283,29000,neighborhood
Çamlıtepe Mah.,1,10000.0,10000.0,,10000.0,10000.0,10000,10000,0.0,,0,neighborhood
Çamçeşme Mah.,4,20375.0,21000.0,9012.72248916312,15125.0,26250.0,9500,30000,11125.0,44.23422080570856,20500,neighborhood
Çatalmeşe Mah.,7,30928.571428571428,22000.0,22615.312974893382,18500.0,31000.0,15500,80000,12500.0,73.12110430681463,64500,neighborhood
Çatma Mescit Mah.,7,34000.0,25000.0,30417.92234851026,17000.0,33250.0,12500,100000,16250.0,89.46447749561841,87500,neighborhood
Çavuş Mah.,8,45375.0,35000.0,28354.57886933154,28750.0,52500.0,18000,90000,23750.0,62.48943001505574,72000,neighborhood
Çavuşoğlu Mah.,2,42000.0,42000.0,1414.213562373095,41500.0,42500.0,41000,43000,1000.0,3.3671751485073695,2000,neighborhood
Çayırbaşı Mah.,3,61666.666666666664,50000.0,38837.267325770146,40000.0,77500.0,30000,105000,37500.0,62.979352420167814,75000,neighborhood
Çağlayan Mah.,43,25273.25581395349,25000.0,8958.703860580084,20000.0,27500.0,13000,57000,7500.0,35.44736747227454,44000,neighborhood
Çeliktepe Mah.,53,25570.754716981133,25000.0,8964.724855071725,19000.0,32000.0,10000,46000,13000.0,35.05850708864058,36000,neighborhood
Çengeldere Mah.,1,38000.0,38000.0,,38000.0,38000.0,38000,38000,0.0,,0,neighborhood
Çengelköy Mah.,10,56975.0,50500.0,35951.82926886722,37500.0,62812.5,15000,133000,25312.5,63.101060585988975,118000,neighborhood
Çilingir Mah.,1,25000.0,25000.0,,25000.0,25000.0,25000,25000,0.0,,0,neighborhood
Çiğdem Mah.,4,23000.0,22000.0,5830.9518948453015,20750.0,24250.0,17000,31000,3500.0,25.351964760196964,14000,neighborhood
Çobançeşme Mah.,5,22700.0,25000.0,12275.992831539126,10500.0,30000.0,10000,38000,19500.0,54.07926357506223,28000,neighborhood
Çubuklu Mah.,21,36166.666666666664,30000.0,27555.096322338148,20000.0,35000.0,15000,120000,15000.0,76.18920642121148,105000,neighborhood
Çukur Mah.,3,25000.0,12000.0,23388.031127053,11500.0,32000.0,11000,52000,20500.0,93.552124508212,41000,neighborhood
Çınar Mah.,24,29531.25,31500.0,10958.000973082953,19125.0,39250.0,10000,45000,20125.0,37.10645832155074,35000,neighborhood
Çınardere Mah.,5,28000.0,28500.0,6864.765108872991,25000.0,33500.0,18000,35000,8500.0,24.517018245974967,17000,neighborhood
Çırpıcı Mah.,6,21200.0,21100.0,5276.362383309168,17750.0,22800.0,15000,30000,5050.0,24.888501808062113,15000,neighborhood
Çırçır Mah.,7,25214.285714285714,22500.0,8415.546837337939,21500.0,28250.0,14500,40000,6750.0,33.376106437034316,25500,neighborhood
Ömer Avni Mah.,8,46812.5,44500.0,19067.432031758086,38750.0,50000.0,22500,88000,11250.0,40.73149699708002,65500,neighborhood
Ömerli Mah.,1,110000.0,110000.0,,110000.0,110000.0,110000,110000,0.0,,0,neighborhood
Örnek Mah.,15,29400.0,31000.0,9632.904917150234,27250.0,34000.0,9000,44000,6750.0,32.764982711395355,35000,neighborhood
Örnekköy Mah.,2,20500.0,20500.0,3535.5339059327375,19250.0,21750.0,18000,23000,2500.0,17.246506858208477,5000,neighborhood
Örnektepe Mah.,4,27487.5,29975.0,6396.662541252795,26962.5,30500.0,18000,32000,3537.5,23.27116886312977,14000,neighborhood
Ünalan Mah.,16,33875.0,27500.0,16547.406644748495,23500.0,42500.0,13500,66000,19000.0,48.84843289962655,52500,neighborhood
Üniversite Mah.,7,22428.571428571428,23000.0,9606.545387688244,14500.0,30000.0,10000,35000,15500.0,42.83173102790937,25000,neighborhood
Üçevler Mah.,14,12035.714285714286,12250.0,1854.975489308165,10375.0,13000.0,9000,16000,2625.0,15.412259258346769,7000,neighborhood
İcadiye Mah.,8,25625.0,25500.0,3335.4160160315832,23500.0,27750.0,21000,30000,4250.0,13.016257623537886,9000,neighborhood
İdealtepe Mah.,20,43725.0,35250.0,18293.27961157781,30000.0,61250.0,23500,80000,31250.0,41.837117465015005,56500,neighborhood
İncirköy Mah.,4,23000.0,25000.0,8717.797887081348,18000.0,30000.0,12000,30000,12000.0,37.903469074266724,18000,neighborhood
İncirtepe Mah.,5,14200.0,13000.0,3033.15017762062,13000.0,15000.0,11000,19000,2000.0,21.36021251845507,8000,neighborhood
İnkılap Mah.,2,32500.0,32500.0,3535.5339059327375,31250.0,33750.0,30000,35000,2500.0,10.878565864408424,5000,neighborhood
İnönü Mah.,93,28403.21505376344,24000.0,16175.548791072892,18000.0,30000.0,10000,95000,12000.0,56.94971065935588,85000,neighborhood
İsaköy Mah.,1,45000.0,45000.0,,45000.0,45000.0,45000,45000,0.0,,0,neighborhood
İskenderpaşa Mah.,7,24428.571428571428,20000.0,12390.95292080937,16750.0,26250.0,15000,50000,9500.0,50.72319909103251,35000,neighborhood
İslambey Mah.,20,21075.0,21000.0,5148.517926753802,17375.0,25000.0,12000,30000,7625.0,24.429503804288505,18000,neighborhood
İsmet Paşa Mah.,3,21333.333333333332,22000.0,3055.0504633038927,20000.0,23000.0,18000,24000,3000.0,14.320549046736996,6000,neighborhood
İsmetpaşa Mah.,4,20400.0,19800.0,3830.5787204198446,17375.0,22825.0,17000,25000,5450.0,18.77734666872473,8000,neighborhood
İstasyon Mah.,13,25576.923076923078,22500.0,10961.763380508468,20000.0,28000.0,15000,55000,8000.0,42.85802223958198,40000,neighborhood
İstiklal Mah.,15,34283.333333333336,25750.0,16216.412174384439,23000.0,45000.0,19500,75000,22000.0,47.30115364429102,55500,neighborhood
İstinye Mah.,7,59142.857142857145,45000.0,50024.755776277314,39500.0,50000.0,20000,170000,10500.0,84.58292039467177,150000,neighborhood
İzzet Paşa Mah.,6,28000.0,26500.0,11189.280584559492,21250.0,30250.0,16000,48000,9000.0,39.96171637342676,32000,neighborhood
İçerenköy Mah.,30,29733.333333333332,30000.0,6884.181434490851,25000.0,35000.0,17500,45000,10000.0,23.153076573399723,27500,neighborhood
İçmeler Mah.,1,15000.0,15000.0,,15000.0,15000.0,15000,15000,0.0,,0,neighborhood
Şahintepe Mah.,1,25000.0,25000.0,,25000.0,25000.0,25000,25000,0.0,,0,neighborhood
Şahkulu Mah.,2,100000.0,100000.0,35355.33905932738,87500.0,112500.0,75000,125000,25000.0,35.35533905932738,50000,neighborhood
Şehit Muhtar Mah.,9,36777.77777777778,22000.0,40068.777675946694,18500.0,25000.0,15000,140000,6500.0,108.94833809169795,125000,neighborhood
Şehitler Mah.,4,12250.0,10000.0,5188.127472091127,9750.0,12500.0,9000,20000,2750.0,42.35206099666226,11000,neighborhood
Şehremini Mah.,41,19658.536585365855,20000.0,4845.666910227945,16000.0,23000.0,12000,35000,7000.0,24.649174109099967,23000,neighborhood
Şenlikköy Mah.,132,87575.75757575757,85000.0,34341.87598234236,60000.0,110000.0,20000,205000,50000.0,39.21390683104838,185000,neighborhood
Şerifali Mah.,3,60000.0,65000.0,22912.8784747792,50000.0,72500.0,35000,80000,22500.0,38.18813079129867,45000,neighborhood
Şeyhli Mah.,1,23000.0,23000.0,,23000.0,23000.0,23000,23000,0.0,,0,neighborhood
Şifa Mah.,7,24357.14285714286,23000.0,7087.043846075067,19000.0,26500.0,18500,38000,7500.0,29.09636769649588,19500,neighborhood
Şirinevler Mah.,18,21638.88888888889,19500.0,7588.3144597380315,17000.0,26500.0,10500,40000,9500.0,35.0679487227945,29500,neighborhood
Şirintepe Mah.,25,19110.0,19000.0,6398.274506979727,16000.0,21500.0,9500,38000,5500.0,33.48128993709957,28500,neighborhood
